"","videoId","textDisplay","textOriginal","authorDisplayName","authorProfileImageUrl","authorChannelUrl","authorChannelId.value","canRate","viewerRating","likeCount","publishedAt","updatedAt","id","parentId","moderationStatus","date"
"1","X6l9S08Scww","Thank you for all you do and show us with love from South Africa","Thank you for all you do and show us with love from South Africa","Clinton Mac Dougall","https://yt3.ggpht.com/a/AATXAJxiMAXO3fs2yrd3x1A4R6AAgAqcp2M6FJm11Q=s48-c-k-c0xffffffff-no-rj-mo","http://www.youtube.com/channel/UCY28ldLUynZzyqS8MLuqWpg","UCY28ldLUynZzyqS8MLuqWpg","TRUE","none","0","2020-01-08T07:47:56Z","2020-01-08T07:47:56Z","Ugy0zvrqgsXOj-ey0lp4AaABAg",NA,NA,2020-01-08
"2","X6l9S08Scww","Hmmm I finally followed Robert&#39;s advice and took Wood Prix instructions. It&#39;s great for beginners, and has some advanced stuff too.","Hmmm I finally followed Robert's advice and took Wood Prix instructions. It's great for beginners, and has some advanced stuff too.","Fazan Hamrock","https://yt3.ggpht.com/a/AATXAJydeaV2NomdL2UByH7K8HS5L3Cho_JoypjE-w=s48-c-k-c0xffffffff-no-rj-mo","http://www.youtube.com/channel/UCuMuV2EoUT640q39kLAe2TQ","UCuMuV2EoUT640q39kLAe2TQ","TRUE","none","16","2020-01-21T12:22:14Z","2020-01-21T12:22:14Z","Ugx1PG7WuWgDIo1hoG54AaABAg",NA,NA,2020-01-21
"3","X6l9S08Scww","<U+041B><U+043E><U+0436><U+043A><U+0430> <U+043A><U+0440><U+0430><U+0441><U+0438><U+0432><U+0430><U+044F>, <U+043D><U+043E> <U+0435><U+0441><U+0442><U+044C> <U+0435><U+0439> <U+0431><U+0443><U+0434><U+0435><U+0442> <U+043D><U+0435> <U+0443><U+0434><U+043E><U+0431><U+043D><U+043E>!","<U+041B><U+043E><U+0436><U+043A><U+0430> <U+043A><U+0440><U+0430><U+0441><U+0438><U+0432><U+0430><U+044F>, <U+043D><U+043E> <U+0435><U+0441><U+0442><U+044C> <U+0435><U+0439> <U+0431><U+0443><U+0434><U+0435><U+0442> <U+043D><U+0435> <U+0443><U+0434><U+043E><U+0431><U+043D><U+043E>!","Fisher Man","https://yt3.ggpht.com/a/AATXAJwmEwSTtnGmb6LwGYSDNhq3rsgygnEwBIrd-A=s48-c-k-c0xffffffff-no-rj-mo","http://www.youtube.com/channel/UCmUUCb-04dSKACWjrSmXGzg","UCmUUCb-04dSKACWjrSmXGzg","TRUE","none","0","2020-01-23T20:59:41Z","2020-01-23T20:59:41Z","Ugx3NU12XjPcRTVELZd4AaABAg",NA,NA,2020-01-23
"4","X6l9S08Scww","yeah,,,.  finally he showed the HIDDEN spoon inside of the wood piece..he shape the wood or he just sculpt the wood.... That&#39;s how our life also....we must want to remove unwanted things from ourselves....then damn sure we also look like this osm thing..I.e.., the wooden spoon.....Folks !!  we shape ourself <U+0001F49D> no one can come to shape us...&quot;Always u r hero to urself or always u r enemy to urself&quot;...Think about it ! go ahead...","yeah,,,.  finally he showed the HIDDEN spoon inside of the wood piece..he shape the wood or he just sculpt the wood.... That's how our life also....we must want to remove unwanted things from ourselves....then damn sure we also look like this osm thing..I.e.., the wooden spoon.....Folks !!  we shape ourself <U+0001F49D> no one can come to shape us...""Always u r hero to urself or always u r enemy to urself""...Think about it ! go ahead...","Gokul nath","https://yt3.ggpht.com/a/AATXAJyiOMOS6OpMbQLyxJFaKw1H_N6Kg57SOMF8iQ=s48-c-k-c0xffffffff-no-rj-mo","http://www.youtube.com/channel/UC8rUB7EjgwyDExfy9nppcXQ","UC8rUB7EjgwyDExfy9nppcXQ","TRUE","none","0","2020-01-30T08:22:50Z","2020-01-30T08:29:31Z","Ugxyk2JPqqHWgVHNw_t4AaABAg",NA,NA,2020-01-30
"5","X6l9S08Scww","Bravo majstor <U+0001F44D>","Bravo majstor <U+0001F44D>","Miroslav Milosevic","https://yt3.ggpht.com/a/AATXAJyKQ23FzgM-Bber54_OpvPhBxY9LTkrkJdB=s48-c-k-c0xffffffff-no-rj-mo","http://www.youtube.com/channel/UCSy19_b18artAbr6g5eMODw","UCSy19_b18artAbr6g5eMODw","TRUE","none","0","2020-02-09T10:52:45Z","2020-02-09T10:52:45Z","UgzakNj486mhUoSdbUJ4AaABAg",NA,NA,2020-02-09
"6","X6l9S08Scww","That is a  really fine spoon","That is a  really fine spoon","Benji Aparicio","https://yt3.ggpht.com/a/AATXAJxdeyyA75pgATMF_7YBT4WNbfLWICeucA7yrg=s48-c-k-c0xffffffff-no-rj-mo","http://www.youtube.com/channel/UCo30OjUm9ZkCNu63EyB81Gw","UCo30OjUm9ZkCNu63EyB81Gw","TRUE","none","0","2020-02-15T20:38:26Z","2020-02-15T20:38:26Z","UgwQ99-F5ZrCArf1dM54AaABAg",NA,NA,2020-02-15
"7","X6l9S08Scww","2020????","2020????","<U+BE75><U+AFB8><U+B625><U+AFB8>","https://yt3.ggpht.com/a/AATXAJzMWeeXVnN1AvWsVb_t3eHwBSeJ62jcMf7aOA=s48-c-k-c0xffffffff-no-rj-mo","http://www.youtube.com/channel/UC3BXYe2RDJxvjq0gknQ3o_A","UC3BXYe2RDJxvjq0gknQ3o_A","TRUE","none","0","2020-02-19T19:22:05Z","2020-02-19T19:22:05Z","UgwANNDmt0VMbNYf9Yt4AaABAg",NA,NA,2020-02-19
"8","X6l9S08Scww","<U+0425><U+043E><U+0440><U+043E><U+0448><U+0430><U+044F> <U+043B><U+043E><U+0436><U+043A><U+0430>. <U+041B><U+0430><U+0439><U+043A>","<U+0425><U+043E><U+0440><U+043E><U+0448><U+0430><U+044F> <U+043B><U+043E><U+0436><U+043A><U+0430>. <U+041B><U+0430><U+0439><U+043A>","PINEHA23","https://yt3.ggpht.com/a/AATXAJxOc2tOqt4nv_Ax88-HBrYG7v6OHEBpZx2jxg=s48-c-k-c0xffffffff-no-rj-mo","http://www.youtube.com/channel/UCbHgE62DO8GyQKPtv_p9bTw","UCbHgE62DO8GyQKPtv_p9bTw","TRUE","none","0","2020-02-19T19:11:18Z","2020-02-19T19:11:18Z","Ugw7v6upi5sYtrjxKnR4AaABAg",NA,NA,2020-02-19
"9","X6l9S08Scww","There ya go... Something to give the kids a nightmare over! Yesssss.","There ya go... Something to give the kids a nightmare over! Yesssss.","Ben Gardiner","https://yt3.ggpht.com/a/AATXAJzrYN9MZ1ijUXC5Qvp2ynJcTHTsVCvw3VKzNg=s48-c-k-c0xffffffff-no-rj-mo","http://www.youtube.com/channel/UCASGPPdqUv4XLImk349HdKw","UCASGPPdqUv4XLImk349HdKw","TRUE","none","0","2020-02-20T21:35:45Z","2020-02-20T21:35:45Z","UgxEN6-Ke-NB8JqjYqp4AaABAg",NA,NA,2020-02-20
"10","X6l9S08Scww","Beautiful.","Beautiful.","Jose Moreno","https://yt3.ggpht.com/a/AATXAJxC4lzSFthOv-DC44MaMu3zvv0uTFL5XxszPQ=s48-c-k-c0xffffffff-no-rj-mo","http://www.youtube.com/channel/UCp2GhauFIWCEdZvQAoYuPXA","UCp2GhauFIWCEdZvQAoYuPXA","TRUE","none","0","2020-02-22T20:48:35Z","2020-02-22T20:48:35Z","UgwOPUXZA07jHD6CrHt4AaABAg",NA,NA,2020-02-22
"11","X6l9S08Scww","Get out and go to the office","Get out and go to the office","Undercover Survivalist","https://yt3.ggpht.com/a/AATXAJy1Nxr71g_L-oust4uzs8NcAfIN_Dbh-3h-zw=s48-c-k-c0xffffffff-no-rj-mo","http://www.youtube.com/channel/UCfK10MMpaq8o7R0OHSaMz9g","UCfK10MMpaq8o7R0OHSaMz9g","TRUE","none","1","2020-02-23T03:51:11Z","2020-02-23T03:51:11Z","Ugzq4wcvQNohCyuZfWV4AaABAg.8t6ij04KQOE95MmZC5Q22S","Ugzq4wcvQNohCyuZfWV4AaABAg",NA,2020-02-23
"12","X6l9S08Scww","Thats clever how he sawed it out like that, I wouldnt have thought of doing it that way","Thats clever how he sawed it out like that, I wouldnt have thought of doing it that way","devontodetroit","https://yt3.ggpht.com/a/AATXAJy7kRj2nz6TTJBw5nYB201nIR0VgSblyfs5Bg=s48-c-k-c0xffffffff-no-rj-mo","http://www.youtube.com/channel/UCATQiVNIFQGqIz9w9O1QctQ","UCATQiVNIFQGqIz9w9O1QctQ","TRUE","none","0","2020-03-07T16:04:40Z","2020-03-07T16:04:40Z","Ugz5addzSYxjV30UTPV4AaABAg",NA,NA,2020-03-07
"13","X6l9S08Scww","<a href=""https://www.youtube.com/watch?v=X6l9S08Scww&amp;t=3m41s"">3:41</a> - what exactly are you checking/looking for with the flashlight?<br />gr8 work :)","3:41 - what exactly are you checking/looking for with the flashlight?
gr8 work :)","alestra85","https://yt3.ggpht.com/a/AATXAJxE62gqVVqKa6-vMTxlWUPaK0guQ2aYI0ZhRQ=s48-c-k-c0xffffffff-no-rj-mo","http://www.youtube.com/channel/UCW12cbZH2TSjhr3GJ_OrHAg","UCW12cbZH2TSjhr3GJ_OrHAg","TRUE","none","0","2020-03-12T10:19:27Z","2020-03-12T10:19:27Z","UgxSmyJlLXoG5mNK7dh4AaABAg",NA,NA,2020-03-12
"14","X6l9S08Scww","<U+041A><U+0440><U+0430><U+0441><U+0430><U+0432><U+0447><U+0438><U+043A>. <U+0001F44D>","<U+041A><U+0440><U+0430><U+0441><U+0430><U+0432><U+0447><U+0438><U+043A>. <U+0001F44D>","<U+0418><U+0432><U+0430><U+043D> <U+0418><U+0432><U+0430><U+043D><U+043E><U+0432>","https://yt3.ggpht.com/a/AATXAJzm_USFhNJEhxFrUomPEwHZHjoIjJ33rDH5NA=s48-c-k-c0xffffffff-no-rj-mo","http://www.youtube.com/channel/UC-Xrph5VyE-esXJGlJ993KA","UC-Xrph5VyE-esXJGlJ993KA","TRUE","none","0","2020-03-15T04:22:18Z","2020-03-15T04:22:18Z","Ugw-YsztVO36Mw6AqPl4AaABAg",NA,NA,2020-03-15
"15","X6l9S08Scww","Excellent","Excellent","ceo","https://yt3.ggpht.com/a/AATXAJw0hgx9a0cslWNfgUlvYRTmeOVjqqrS_iQ2nw=s48-c-k-c0xffffffff-no-rj-mo","http://www.youtube.com/channel/UC0TN7uRRfuQgqKOe2_nJCmA","UC0TN7uRRfuQgqKOe2_nJCmA","TRUE","none","0","2020-03-17T05:30:45Z","2020-03-17T05:30:45Z","UgywfMyuB-OKItVPd8d4AaABAg",NA,NA,2020-03-17
"16","X6l9S08Scww","Make a fork wise guy!","Make a fork wise guy!","Ken Call","https://yt3.ggpht.com/a/AATXAJzlh3wZVQpRST_FT2XfYTtq8ZKwv9KXBk5cSQ=s48-c-k-c0xffffffff-no-rj-mo","http://www.youtube.com/channel/UCJD_8EwoYgPjJduU8dEvxnw","UCJD_8EwoYgPjJduU8dEvxnw","TRUE","none","0","2020-03-17T02:13:12Z","2020-03-17T02:13:12Z","UgwjEbY2TpvVI7LCIit4AaABAg",NA,NA,2020-03-17
"17","X6l9S08Scww","Bravo","Bravo","Didier 80","https://yt3.ggpht.com/a/AATXAJyJemmCH-GHC07uY_l-Ulgv8KY0Y5NAFjX8Wg=s48-c-k-c0xffffffff-no-rj-mo","http://www.youtube.com/channel/UCgtFzC7Sf_UmtmsKCVpKbQw","UCgtFzC7Sf_UmtmsKCVpKbQw","TRUE","none","0","2020-03-20T15:08:18Z","2020-03-20T15:08:18Z","UgzIhhRSTD_B-cssLZZ4AaABAg",NA,NA,2020-03-20
"18","X6l9S08Scww","<U+C2A4><U+D47C><U+C744> <U+CE58><U+B2C8><U+AE4C> <U+C774><U+AC8C><U+B098><U+C624><U+B124> <U+314B><U+314B><U+314B><U+314B><U+314B><U+314B> <U+C774><U+C601><U+C0C1><U+C740> <U+C5B8><U+C81C><U+BD10><U+B3C4> <U+AC10><U+BBF8><U+B86D><U+C2B5><U+B2C8><U+B2E4>.","<U+C2A4><U+D47C><U+C744> <U+CE58><U+B2C8><U+AE4C> <U+C774><U+AC8C><U+B098><U+C624><U+B124> <U+314B><U+314B><U+314B><U+314B><U+314B><U+314B> <U+C774><U+C601><U+C0C1><U+C740> <U+C5B8><U+C81C><U+BD10><U+B3C4> <U+AC10><U+BBF8><U+B86D><U+C2B5><U+B2C8><U+B2E4>.","12<U+C6D4>","https://yt3.ggpht.com/a/AATXAJwr6_JZ_TJx_MZufEhlg-H7DHf2mTzpmpK1rA=s48-c-k-c0xffffffff-no-rj-mo","http://www.youtube.com/channel/UCqvLuOiv6xlHDTVhSKDrEAw","UCqvLuOiv6xlHDTVhSKDrEAw","TRUE","none","0","2020-03-21T18:37:53Z","2020-03-21T18:37:53Z","UgyC4dHkfv37Pg4yNVN4AaABAg",NA,NA,2020-03-21
"19","X6l9S08Scww","No lacquer? <U+0001F914>","No lacquer? <U+0001F914>","Pro Skillz","https://yt3.ggpht.com/a/AATXAJxXxNFqsiandZVoZQaE79yjG1gTs8SpSRAtgg=s48-c-k-c0xffffffff-no-rj-mo","http://www.youtube.com/channel/UC37rFp3UK_2c9ImTD1Yd9nw","UC37rFp3UK_2c9ImTD1Yd9nw","TRUE","none","0","2020-03-21T14:05:10Z","2020-03-21T14:05:39Z","UgzrAAcC7jCl_uRjBql4AaABAg",NA,NA,2020-03-21
"20","X6l9S08Scww","Holy shit , how long did that take?","Holy shit , how long did that take?","Robert Phillips","https://yt3.ggpht.com/a/AATXAJwTABARd_nPuosQ89niOgIUBX9tATHZng32RA=s48-c-k-c0xffffffff-no-rj-mo","http://www.youtube.com/channel/UCiyRkr_lCfZ4jG9Y-aZpCew","UCiyRkr_lCfZ4jG9Y-aZpCew","TRUE","none","0","2020-03-22T06:33:11Z","2020-03-22T06:33:11Z","UgxlmjNiabD5FB07H8d4AaABAg",NA,NA,2020-03-22
"21","X6l9S08Scww","What?","What?","MaskedKoopaKid1453","https://yt3.ggpht.com/a/AATXAJw0WdeTtNiHesoBTaGmLJlF9hYlNvYAHuu6yw=s48-c-k-c0xffffffff-no-rj-mo","http://www.youtube.com/channel/UCyskxNNUvqZT-bLrO0VTMBw","UCyskxNNUvqZT-bLrO0VTMBw","TRUE","none","0","2020-03-22T22:30:44Z","2020-03-22T22:30:44Z","Ugxxm219pNdziel09BF4AaABAg.8tSAiEaQPH596WswWc7wt9","Ugxxm219pNdziel09BF4AaABAg",NA,2020-03-22
"22","X6l9S08Scww","Yes my hamster also sounds like a buzzsaw","Yes my hamster also sounds like a buzzsaw","MaskedKoopaKid1453","https://yt3.ggpht.com/a/AATXAJw0WdeTtNiHesoBTaGmLJlF9hYlNvYAHuu6yw=s48-c-k-c0xffffffff-no-rj-mo","http://www.youtube.com/channel/UCyskxNNUvqZT-bLrO0VTMBw","UCyskxNNUvqZT-bLrO0VTMBw","TRUE","none","1","2020-03-22T22:27:11Z","2020-03-22T22:27:11Z","UgisfyTMWhfGi3gCoAEC.8NjoSAiaP-N96WsXYMRn6I","UgisfyTMWhfGi3gCoAEC",NA,2020-03-22
"23","X6l9S08Scww","How come you still have fingers!","How come you still have fingers!","Alastair Mackay","https://yt3.ggpht.com/a/AATXAJyiDqmHFlkekHoCRtE7bGIUOCtHOrfiMP5oxw=s48-c-k-c0xffffffff-no-rj-mo","http://www.youtube.com/channel/UC2VhhtQmUP4bvrUp89qUdhQ","UC2VhhtQmUP4bvrUp89qUdhQ","TRUE","none","0","2020-03-24T21:21:47Z","2020-03-24T21:21:47Z","UgzS8mBSekf2G3jjffN4AaABAg",NA,NA,2020-03-24
"24","X6l9S08Scww","<a href=""https://youtu.be/LLi4E44IU9I"">https://youtu.be/LLi4E44IU9I</a>","https://youtu.be/LLi4E44IU9I","<U+041E><U+0422><U+0425><U+041C>","https://yt3.ggpht.com/a/AATXAJxo5lhrx8t_az1DeNIVgT5nC1yF2z5jBh_g0A=s48-c-k-c0xffffffff-no-rj-mo","http://www.youtube.com/channel/UCF0F3hWgeppLsbWQYYW1Alw","UCF0F3hWgeppLsbWQYYW1Alw","TRUE","none","0","2020-03-24T04:05:01Z","2020-03-24T04:05:01Z","UgySww2NEcJJnykECpl4AaABAg",NA,NA,2020-03-24
"25","X6l9S08Scww","<U+BA4B><U+C838><U+C694>~~~ <U+C874><U+ACBD><U+D569><U+B2C8><U+B2E4>~~^^","<U+BA4B><U+C838><U+C694>~~~ <U+C874><U+ACBD><U+D569><U+B2C8><U+B2E4>~~^^","<U+BC15><U+ACBD><U+D654>","https://yt3.ggpht.com/a/AATXAJyaHCd5aW4It_3jQHrZEhCCEoaIJFENdzmNqg=s48-c-k-c0xffffffff-no-rj-mo","http://www.youtube.com/channel/UCRYwAne28c87OdATe17uxWQ","UCRYwAne28c87OdATe17uxWQ","TRUE","none","0","2020-03-26T05:22:02Z","2020-03-26T05:22:02Z","Ugzl7CFKGpDxsR44sMN4AaABAg",NA,NA,2020-03-26
"26","X6l9S08Scww","The first time I search for one of those videos. Thanks Coronavirus","The first time I search for one of those videos. Thanks Coronavirus","Jaime López","https://yt3.ggpht.com/a/AATXAJy2xJt85vjepzKkwlrwj1TiPS32LcV4YEy02Q=s48-c-k-c0xffffffff-no-rj-mo","http://www.youtube.com/channel/UCesiP7zGXBRqqHC8dtUzUUQ","UCesiP7zGXBRqqHC8dtUzUUQ","TRUE","none","1","2020-04-02T00:00:26Z","2020-04-02T00:00:26Z","Ugz9opdyZ8Mqs7gazwp4AaABAg",NA,NA,2020-04-02
"27","X6l9S08Scww","17 now","17 now","Jovar","https://yt3.ggpht.com/a/AATXAJwkMKHk6KiPOMnjGA2dZPDYFjX3L7lhVmcFAg=s48-c-k-c0xffffffff-no-rj-mo","http://www.youtube.com/channel/UCJHljXN8WnPPmEQsWeY372w","UCJHljXN8WnPPmEQsWeY372w","TRUE","none","0","2020-04-04T05:35:58Z","2020-04-04T05:35:58Z","Ugz-0OJeFHi1ZyNzyvd4AaABAg.8t0yDd8oWFv970Y8WtYTAF","Ugz-0OJeFHi1ZyNzyvd4AaABAg",NA,2020-04-04
"28","X6l9S08Scww","Fun fact: you did not find this video, the video found you!","Fun fact: you did not find this video, the video found you!","Matthias Kreidenweis","https://yt3.ggpht.com/a/AATXAJxYd_OLLpyfKlR0Fry_FY3vwDqLkxOsbsKu=s48-c-k-c0xffffffff-no-rj-mo","http://www.youtube.com/channel/UCJOzURH9NHwOj9QWlSUFGMA","UCJOzURH9NHwOj9QWlSUFGMA","TRUE","none","0","2020-04-10T07:40:16Z","2020-04-10T07:40:16Z","UgyIRW7wYQm3xLNTshl4AaABAg",NA,NA,2020-04-10
"29","X6l9S08Scww","<U+C55C> <U+ADC0><U+C5EC><U+C6CC> <U+314B><U+314B><U+314B><U+314B><U+314B><U+314B><U+314B><U+314B><U+314B>","<U+C55C> <U+ADC0><U+C5EC><U+C6CC> <U+314B><U+314B><U+314B><U+314B><U+314B><U+314B><U+314B><U+314B><U+314B>","<U+B78C><U+D48D><U+B315><U+C774>","https://yt3.ggpht.com/a/AATXAJzNEWm-s4kskHeEusGZjWotbvbDo1yZoRC8qA=s48-c-k-c0xffffffff-no-rj-mo","http://www.youtube.com/channel/UCBgHWVlDD5uN1f-nGU9YqTQ","UCBgHWVlDD5uN1f-nGU9YqTQ","TRUE","none","0","2020-04-12T21:35:08Z","2020-04-12T21:35:08Z","UgxelZ-fVNdWtyinvXB4AaABAg.8kIR63fldb697MrGcQoaLG","UgxelZ-fVNdWtyinvXB4AaABAg",NA,2020-04-12
"30","X6l9S08Scww","Awesome job. Congratulations.","Awesome job. Congratulations.","Sihirbaz Mandrake","https://yt3.ggpht.com/a/AATXAJw5AhadZopLpwp90iTu-l_NgT0ogsBM44K8xA=s48-c-k-c0xffffffff-no-rj-mo","http://www.youtube.com/channel/UCmEbXjD_8XqmknUBRCX3_BA","UCmEbXjD_8XqmknUBRCX3_BA","TRUE","none","0","2020-04-16T16:46:04Z","2020-04-16T16:46:04Z","UgxLXp0Ed5-kcOw14n94AaABAg",NA,NA,2020-04-16
"31","X6l9S08Scww","Making wooden spoons is more lucrative than golden spoon. The guy is wearing a Rolex whilst carving the spoon <U+0001F944> <U+0001F602>","Making wooden spoons is more lucrative than golden spoon. The guy is wearing a Rolex whilst carving the spoon <U+0001F944> <U+0001F602>","Jeff Uk1","https://yt3.ggpht.com/a/AATXAJzcIidsbrudvIZ2Dq0gsmrC7P6fI__nH8hA3Q=s48-c-k-c0xffffffff-no-rj-mo","http://www.youtube.com/channel/UCpITJkFThTa3_1-9Z3k90jQ","UCpITJkFThTa3_1-9Z3k90jQ","TRUE","none","0","2020-04-17T15:54:45Z","2020-04-17T15:54:45Z","Ugy0RBqA-eWicYSYVjt4AaABAg",NA,NA,2020-04-17
"32","X6l9S08Scww","Awesome <U+0001F44D>","Awesome <U+0001F44D>","Irfan Shah","https://yt3.ggpht.com/a/AATXAJxqohymEvJtI4gRhz6KUyu6miT1dJjmho0yWA=s48-c-k-c0xffffffff-no-rj-mo","http://www.youtube.com/channel/UC9hF5P0VH66AdiHoa4V9mww","UC9hF5P0VH66AdiHoa4V9mww","TRUE","none","0","2020-04-17T10:04:22Z","2020-04-17T10:04:22Z","Ugyv8P9qzTKxbffex6h4AaABAg",NA,NA,2020-04-17
"33","X6l9S08Scww","Won&#39;t you take me to funky town","Won't you take me to funky town","MaskedKoopaKid1453","https://yt3.ggpht.com/a/AATXAJw0WdeTtNiHesoBTaGmLJlF9hYlNvYAHuu6yw=s48-c-k-c0xffffffff-no-rj-mo","http://www.youtube.com/channel/UCyskxNNUvqZT-bLrO0VTMBw","UCyskxNNUvqZT-bLrO0VTMBw","TRUE","none","0","2020-04-19T02:42:56Z","2020-04-19T02:42:56Z","UgzaIvhPtimSCj3F2dB4AaABAg.8o0fNHt5cJq97brGL5--nc","UgzaIvhPtimSCj3F2dB4AaABAg",NA,2020-04-19
"34","X6l9S08Scww","Y&#39;all dumb it&#39;s a macbook","Y'all dumb it's a macbook","MaskedKoopaKid1453","https://yt3.ggpht.com/a/AATXAJw0WdeTtNiHesoBTaGmLJlF9hYlNvYAHuu6yw=s48-c-k-c0xffffffff-no-rj-mo","http://www.youtube.com/channel/UCyskxNNUvqZT-bLrO0VTMBw","UCyskxNNUvqZT-bLrO0VTMBw","TRUE","none","0","2020-04-19T02:40:44Z","2020-04-19T02:40:44Z","UgxFT5KMq6G--OHEOq14AaABAg.8YhE8kRDPtC97br0A0ltg3","UgxFT5KMq6G--OHEOq14AaABAg",NA,2020-04-19
"35","X6l9S08Scww","This video got 60x the amount of views than the original got","This video got 60x the amount of views than the original got","The Smigster","https://yt3.ggpht.com/a/AATXAJx7bmenrojQ4ZV9_IcSHKUCjnwoJvvIV8_DMg=s48-c-k-c0xffffffff-no-rj-mo","http://www.youtube.com/channel/UC-X6VEundGQrpSyPhdGcsmA","UC-X6VEundGQrpSyPhdGcsmA","TRUE","none","0","2020-04-26T01:07:16Z","2020-04-26T01:07:16Z","UgwHTAFsRsl7jLy7S4N4AaABAg",NA,NA,2020-04-26
"36","X6l9S08Scww","Shrek","Shrek","horrid henry","https://yt3.ggpht.com/a/AATXAJyhLKE-yCdoZGWsyc99KL_4d8m4vqNpjLx4vA=s48-c-k-c0xffffffff-no-rj-mo","http://www.youtube.com/channel/UCLUuqN5Cj6egYfjlbBO2cyQ","UCLUuqN5Cj6egYfjlbBO2cyQ","TRUE","none","1","2020-04-26T17:13:19Z","2020-04-26T17:13:19Z","Ugzq4wcvQNohCyuZfWV4AaABAg.8t6ij04KQOE97vRRFvKli9","Ugzq4wcvQNohCyuZfWV4AaABAg",NA,2020-04-26
"37","X6l9S08Scww","I&#39;d tried to make two outta dat one piece of wood.","I'd tried to make two outta dat one piece of wood.","Jennifer 6strings","https://yt3.ggpht.com/a/AATXAJwmmBd6R0gWv8aAv_ah8k9pn-fdsF9kVEnlXA=s48-c-k-c0xffffffff-no-rj-mo","http://www.youtube.com/channel/UCRiaoSDfa1uu6YgHxucajXQ","UCRiaoSDfa1uu6YgHxucajXQ","TRUE","none","0","2020-04-27T14:45:32Z","2020-04-27T14:45:32Z","UgyGzctvOBF5uTaY4wh4AaABAg",NA,NA,2020-04-27
"38","X6l9S08Scww","<U+C911><U+B3C5><U+B418><U+B294> <U+C601><U+C0C1><U+C911> <U+D558><U+B098>.<br /><U+D558><U+C9C0><U+B9CC> <U+D55C><U+AD6D><U+C5B4><U+AC00> <U+C54A><U+BCF4><U+C778><U+B2E4>..","<U+C911><U+B3C5><U+B418><U+B294> <U+C601><U+C0C1><U+C911> <U+D558><U+B098>.
<U+D558><U+C9C0><U+B9CC> <U+D55C><U+AD6D><U+C5B4><U+AC00> <U+C54A><U+BCF4><U+C778><U+B2E4>..","<U+BE75><U+ACE0><U+AD6C><U+B9C1>","https://yt3.ggpht.com/a/AATXAJyDe1a_s08OIkKx6lfAztlzC-kVavuVyk-_vQ=s48-c-k-c0xffffffff-no-rj-mo","http://www.youtube.com/channel/UCVHhISj6I-8LRXLrlGlhYag","UCVHhISj6I-8LRXLrlGlhYag","TRUE","none","2","2020-05-02T14:31:43Z","2020-05-02T14:31:43Z","UgwUl0lcA34Bsj4IPUd4AaABAg",NA,NA,2020-05-02
"39","X6l9S08Scww","with machines we are all pro","with machines we are all pro","Rama Wendler","https://yt3.ggpht.com/a/AATXAJxsvniulTA9vvOLhNEcUvZwAWsZD5H--FJvBA=s48-c-k-c0xffffffff-no-rj-mo","http://www.youtube.com/channel/UCTgl53_HgFm-qR70J-oIO_Q","UCTgl53_HgFm-qR70J-oIO_Q","TRUE","none","0","2020-05-06T23:58:18Z","2020-05-06T23:58:18Z","UgxBA0x-Tp9G2Z74Po94AaABAg",NA,NA,2020-05-06
"40","X6l9S08Scww","if he is close or not to traspass the spoon","if he is close or not to traspass the spoon","Rama Wendler","https://yt3.ggpht.com/a/AATXAJxsvniulTA9vvOLhNEcUvZwAWsZD5H--FJvBA=s48-c-k-c0xffffffff-no-rj-mo","http://www.youtube.com/channel/UCTgl53_HgFm-qR70J-oIO_Q","UCTgl53_HgFm-qR70J-oIO_Q","TRUE","none","0","2020-05-06T23:58:47Z","2020-05-06T23:58:47Z","UgxSmyJlLXoG5mNK7dh4AaABAg.965pIi7ewwG98Kuml28zFl","UgxSmyJlLXoG5mNK7dh4AaABAg",NA,2020-05-06
"41","X6l9S08Scww","<U+C8FC><U+AE30><U+C801><U+C73C><U+B85C> <U+BCF4><U+B7EC><U+C634>","<U+C8FC><U+AE30><U+C801><U+C73C><U+B85C> <U+BCF4><U+B7EC><U+C634>","<U+C601><U+B3C4><U+C601><U+C528>","https://yt3.ggpht.com/a/AATXAJxQ_H-Jz430miwYNh8ebWq-C1VZf_y_hDxhXA=s48-c-k-c0xffffffff-no-rj-mo","http://www.youtube.com/channel/UCod5Icn75c61Sw1_o4Y84eg","UCod5Icn75c61Sw1_o4Y84eg","TRUE","none","0","2020-05-14T17:49:04Z","2020-05-14T17:49:04Z","UgyYz4kF0Xi06AhT3AF4AaABAg",NA,NA,2020-05-14
"42","X6l9S08Scww","Amazing","Amazing","NuzhatBukhari Bukhari","https://yt3.ggpht.com/a/AATXAJxG4Emc0SMDMt2cTa4_dqPo6Zm9t_bgqmNAMQ=s48-c-k-c0xffffffff-no-rj-mo","http://www.youtube.com/channel/UCWaEDRBh-dOdfqF-59B-KbQ","UCWaEDRBh-dOdfqF-59B-KbQ","TRUE","none","0","2020-05-19T19:15:29Z","2020-05-19T19:15:29Z","UgyOwHuhZPSNLISGh1l4AaABAg",NA,NA,2020-05-19
"43","X6l9S08Scww","He&#39;s your dad","He's your dad","Dio Over Heaven","https://yt3.ggpht.com/a/AATXAJyPnsur7Yd_mn5SzZJ9IWVxh2dZDjRbIjkTUw=s48-c-k-c0xffffffff-no-rj-mo","http://www.youtube.com/channel/UCK6AiVrvRfnh1nP7Tt2ajKA","UCK6AiVrvRfnh1nP7Tt2ajKA","TRUE","none","0","2020-05-21T09:59:27Z","2020-05-21T09:59:27Z","UgxelZ-fVNdWtyinvXB4AaABAg.8kIR63fldb698v1ePcGkZe","UgxelZ-fVNdWtyinvXB4AaABAg",NA,2020-05-21
"44","X6l9S08Scww","This was the first video back in 2017 that got me into wood working that first project that I designed in wood shop in 7th grade was a spoon and still have it","This was the first video back in 2017 that got me into wood working that first project that I designed in wood shop in 7th grade was a spoon and still have it","JusTin <U+5C71><U+03CC>s<U+15EA>s","https://yt3.ggpht.com/a/AATXAJyqj_DU9rT8vQfKdRzX34c7b6JCmi80t0EAsg=s48-c-k-c0xffffffff-no-rj-mo","http://www.youtube.com/channel/UCrgrGFZfG6EXTl0pkrLFZpw","UCrgrGFZfG6EXTl0pkrLFZpw","TRUE","none","0","2020-06-04T07:13:39Z","2020-06-04T07:13:39Z","UgxNVqwktQQAPp60Rfh4AaABAg",NA,NA,2020-06-04
"45","X6l9S08Scww","Fuck you, you dont know what ive been through, how many times yove beaten me up","Fuck you, you dont know what ive been through, how many times yove beaten me up","Andrei Iscru.","https://yt3.ggpht.com/a/AATXAJw6GEAD3u-i-NirgM8muVlgo9fSlTeLNAqrkg=s48-c-k-c0xffffffff-no-rj-mo","http://www.youtube.com/channel/UCuoLd37KsBIUpcnMH5uuIDA","UCuoLd37KsBIUpcnMH5uuIDA","TRUE","none","0","2020-06-04T17:08:54Z","2020-06-04T17:08:54Z","UgxelZ-fVNdWtyinvXB4AaABAg.8kIR63fldb699Uqw6YCoCw","UgxelZ-fVNdWtyinvXB4AaABAg",NA,2020-06-04
"46","X6l9S08Scww","Nice idea to keep it in the original piece of wood. Can be a great replacement to gift wrap.","Nice idea to keep it in the original piece of wood. Can be a great replacement to gift wrap.","rrykua","https://yt3.ggpht.com/a/AATXAJxk2Lx_fTYpNarTM6juYgLZCaKycweKr7uhIA=s48-c-k-c0xffffffff-no-rj-mo","http://www.youtube.com/channel/UCmhG2qST9TIyu6bWOW5WwSQ","UCmhG2qST9TIyu6bWOW5WwSQ","TRUE","none","0","2020-06-06T15:12:01Z","2020-06-06T15:12:01Z","UgwFgLR7P83w3veLbUd4AaABAg",NA,NA,2020-06-06
"47","X6l9S08Scww","Recommendation*","Recommendation*","Ender Crimson","https://yt3.ggpht.com/a/AATXAJzWmJhqMC3ipb94XEX4EZgh_PUmE24Z27UYow=s48-c-k-c0xffffffff-no-rj-mo","http://www.youtube.com/channel/UCP0OOtEXnpyWPulX5NX9wgw","UCP0OOtEXnpyWPulX5NX9wgw","TRUE","none","0","2020-06-06T12:26:31Z","2020-06-06T12:26:31Z","UgzTMNWqYQAub9q420p4AaABAg.8t88B6davs799ZVCaeEQ_B","UgzTMNWqYQAub9q420p4AaABAg",NA,2020-06-06
"48","X6l9S08Scww","Nice","Nice","Uther","https://yt3.ggpht.com/a/AATXAJzpn6vSknLHgCXf7vNuGxGdDMAQ_TBL4AyU1w=s48-c-k-c0xffffffff-no-rj-mo","http://www.youtube.com/channel/UCalSTOKFAahCc4pPLk-Ur_Q","UCalSTOKFAahCc4pPLk-Ur_Q","TRUE","none","0","2020-06-08T18:21:12Z","2020-06-08T18:21:12Z","Ugw7ZUcXCNfZQs5UTnJ4AaABAg",NA,NA,2020-06-08
"49","MnKJzCUy9Tw","Superintendent Chalmers ikr","Superintendent Chalmers ikr","Deveon Vaughan","https://yt3.ggpht.com/a/AATXAJz-sQnP7HiBil_dAXXXWUkCLJ2eONdwe9a0zA=s48-c-k-c0xffffffff-no-rj-mo","http://www.youtube.com/channel/UCVhT-9RcvXShS0ZzsaL66xQ","UCVhT-9RcvXShS0ZzsaL66xQ","TRUE","none","0","2020-01-26T08:36:16Z","2020-01-26T08:36:16Z","UgjyE60hXyAc5HgCoAEC.84MH5KQ5b6494FBvkXudy5","UgjyE60hXyAc5HgCoAEC",NA,2020-01-26
"50","MnKJzCUy9Tw","lame","lame","Armando Wagner","https://yt3.ggpht.com/a/AATXAJyeBJQd_pwGda4cWEi-pSwnmOUlRnGCBD6DIA=s48-c-k-c0xffffffff-no-rj-mo","http://www.youtube.com/channel/UCbxTMCE3ltR41GDmh9bamPQ","UCbxTMCE3ltR41GDmh9bamPQ","TRUE","none","0","2020-01-27T05:15:41Z","2020-01-27T05:15:41Z","UgxkkbX3qkkw5GlYz1l4AaABAg",NA,NA,2020-01-27
"51","MnKJzCUy9Tw","good device for corpse-eaters. collect many spiders, make a soup. goes with murdered chicken and sheep. you can also dry and make spider powder and add to the corpse of cow, spider salt for steak. great invention for corpse eaters.","good device for corpse-eaters. collect many spiders, make a soup. goes with murdered chicken and sheep. you can also dry and make spider powder and add to the corpse of cow, spider salt for steak. great invention for corpse eaters.","Ravana Brahma Rakshas","https://yt3.ggpht.com/a/AATXAJyE7l_wZe6yJPfo1GMq6HvOXBNgMaLCi-2KAQ=s48-c-k-c0xffffffff-no-rj-mo","http://www.youtube.com/channel/UCgXXHciDjVKrJWyipVSt5_A","UCgXXHciDjVKrJWyipVSt5_A","TRUE","none","0","2020-02-01T08:59:31Z","2020-02-01T08:59:31Z","UgxNnRc2o9RTHeMOgsB4AaABAg",NA,NA,2020-02-01
"52","MnKJzCUy9Tw","Just use an air cannon with a spider sandwhiched between cotton","Just use an air cannon with a spider sandwhiched between cotton","Arceus 101","https://yt3.ggpht.com/a/AATXAJxKCVx81_h6snnJhLK5uPtzI7EBQBW_iTBOfg=s48-c-k-c0xffffffff-no-rj-mo","http://www.youtube.com/channel/UCQpLg6u3_GQGg0ZZf0vnc1g","UCQpLg6u3_GQGg0ZZf0vnc1g","TRUE","none","0","2020-02-04T05:02:32Z","2020-02-04T05:02:32Z","UgjyE60hXyAc5HgCoAEC.84MH5KQ5b6494azc6WMDDB","UgjyE60hXyAc5HgCoAEC",NA,2020-02-04
"53","MnKJzCUy9Tw","Add some nails in the compartment for the bugs to kill them","Add some nails in the compartment for the bugs to kill them","Potato root","https://yt3.ggpht.com/a/AATXAJzSjY0UqFGOuLMZ2WUoPbKfICcr_lJolfdrGA=s48-c-k-c0xffffffff-no-rj-mo","http://www.youtube.com/channel/UC1cqCLN-9d49d4OO4Gi6wkQ","UC1cqCLN-9d49d4OO4Gi6wkQ","TRUE","none","0","2020-02-15T20:01:14Z","2020-02-15T20:01:14Z","UgybUu0Utv2LzG0qz5J4AaABAg",NA,NA,2020-02-15
"54","MnKJzCUy9Tw","I miss the old Make Magazine Weekend Projects","I miss the old Make Magazine Weekend Projects","TechBuilder","https://yt3.ggpht.com/a/AATXAJyBc_yrIrlY7JeAg8_kUODTc4Yf8dVFNxp8HA=s48-c-k-c0xffffffff-no-rj-mo","http://www.youtube.com/channel/UCF2KlrD2XPmgjnJqn_85wBw","UCF2KlrD2XPmgjnJqn_85wBw","TRUE","none","0","2020-04-06T13:08:18Z","2020-04-06T13:08:18Z","Ugy6UHlKSQJrP6xwG5l4AaABAg",NA,NA,2020-04-06
"55","MnKJzCUy9Tw","That&#39;s cool","That's cool","Kenneth Dunklin","https://yt3.ggpht.com/a/AATXAJxsvnFGAaiSxhRbu_qkKd-IffbpdECrn-JkYg=s48-c-k-c0xffffffff-no-rj-mo","http://www.youtube.com/channel/UCh2whCkoo_kYStyJSZXT8Eg","UCh2whCkoo_kYStyJSZXT8Eg","TRUE","none","0","2020-04-09T03:17:55Z","2020-04-09T03:17:55Z","Ugzgf4VT6fvYR6mio614AaABAg",NA,NA,2020-04-09
"56","MnKJzCUy9Tw","Makes a vacuum powered by air duster","Makes a vacuum powered by air duster","Dirt Bike","https://yt3.ggpht.com/a/AATXAJyGahZlXeitEhO6rJe7mCnufl2Po-Od13LnAg=s48-c-k-c0xffffffff-no-rj-mo","http://www.youtube.com/channel/UCKQ89hBaWZJS8WDIubntM5w","UCKQ89hBaWZJS8WDIubntM5w","TRUE","none","0","2020-04-17T14:05:07Z","2020-04-17T14:05:07Z","UgyEpEm64EeMMRxO8PF4AaABAg",NA,NA,2020-04-17
"57","MnKJzCUy9Tw","Spiders are arachnids <U+0001F577>","Spiders are arachnids <U+0001F577>","Emperor Thomas <U+30C8><U+30FC><U+30DE><U+30B9><U+7687><U+5E1D>","https://yt3.ggpht.com/a/AATXAJwn76W2eMfhr2Mev9e7OEk4tUkn_0BiSaEXRA=s48-c-k-c0xffffffff-no-rj-mo","http://www.youtube.com/channel/UCcHyQrgRHBPn3Uzuo6RUjeQ","UCcHyQrgRHBPn3Uzuo6RUjeQ","TRUE","none","1","2020-04-23T22:15:23Z","2020-04-23T22:15:23Z","UgzqHQLFwe2vXhn_22V4AaABAg",NA,NA,2020-04-23
"58","MnKJzCUy9Tw","I came to this video for help because the thing I tried to kill a huntsman with was taken off me by the spider and it beat me back.","I came to this video for help because the thing I tried to kill a huntsman with was taken off me by the spider and it beat me back.","Bananabug 4","https://yt3.ggpht.com/a/AATXAJxkWW9nGd6h3cVmBBmtCeQkQoCXQ294JLdsaw=s48-c-k-c0xffffffff-no-rj-mo","http://www.youtube.com/channel/UCUCSZNcsLlMdTLwr-mljfLQ","UCUCSZNcsLlMdTLwr-mljfLQ","TRUE","none","1","2020-05-03T09:05:55Z","2020-05-03T09:05:55Z","Ugi6RkAUyKyGWHgCoAEC.88MpHRkXnQo98BaD_rYedy","Ugi6RkAUyKyGWHgCoAEC",NA,2020-05-03
"59","MnKJzCUy9Tw","this guy made a spider vacuum lmfao!!!","this guy made a spider vacuum lmfao!!!","Raptorlishus","https://yt3.ggpht.com/a/AATXAJxR-26up4taxmg4JKrQ7e5v4sLaze8xv7FGbg=s48-c-k-c0xffffffff-no-rj-mo","http://www.youtube.com/channel/UCT32kXBv2Gj2CWQw9fpA7WQ","UCT32kXBv2Gj2CWQw9fpA7WQ","TRUE","none","0","2020-05-14T17:15:03Z","2020-05-14T17:15:03Z","UgwdSNTvHZCcjYcb2ol4AaABAg",NA,NA,2020-05-14
"60","MnKJzCUy9Tw","Oh my god it’s kipkay","Oh my god it’s kipkay","MrGarethgates","https://yt3.ggpht.com/a/AATXAJw7wK2i7u8PjLQtfFph38rZrTkqcfDgkkty5Q=s48-c-k-c0xffffffff-no-rj-mo","http://www.youtube.com/channel/UCUQ18m-__OY1mrX1j3vmdJg","UCUQ18m-__OY1mrX1j3vmdJg","TRUE","none","0","2020-05-25T22:51:05Z","2020-05-25T22:51:05Z","Ugx3GZDGMQqTW3IK32p4AaABAg",NA,NA,2020-05-25
"61","MnKJzCUy9Tw","That&#39;s why I don&#39;t want to visit Australia (no offense I think your beaches are beautiful)","That's why I don't want to visit Australia (no offense I think your beaches are beautiful)","Preston Garvey","https://yt3.ggpht.com/a/AATXAJxZ8O_bScWQv-ADDJeruARQeeLTLlzT__UEbw=s48-c-k-c0xffffffff-no-rj-mo","http://www.youtube.com/channel/UCVQg7DAVqnbkqnTeCh23AtQ","UCVQg7DAVqnbkqnTeCh23AtQ","TRUE","none","1","2020-05-25T10:11:34Z","2020-05-25T10:11:34Z","Ugi6RkAUyKyGWHgCoAEC.88MpHRkXnQo994MDgP29Bc","Ugi6RkAUyKyGWHgCoAEC",NA,2020-05-25
"62","LYDWp_0UWgI","Good work, very impressed","Good work, very impressed","Adam Amjoun","https://yt3.ggpht.com/a/AATXAJzkAZ_-JXws6KsGZQqBhsFVKZ1Jx9uOD7z6lA=s48-c-k-c0xffffffff-no-rj-mo","http://www.youtube.com/channel/UCf5Vhb7Zb543mYJHtLRdJRw","UCf5Vhb7Zb543mYJHtLRdJRw","TRUE","none","0","2020-01-04T03:57:43Z","2020-01-04T03:57:43Z","UgzEmSC5hGB2FTVatwx4AaABAg",NA,NA,2020-01-04
"63","LYDWp_0UWgI","Were you just lowering the blade more and more to get through the entire thickness of the table top?","Were you just lowering the blade more and more to get through the entire thickness of the table top?","Robert Taylor","https://yt3.ggpht.com/a/AATXAJzYPsD3vb4ojSc3l3RMIz_C3wliJSNALCZFOg=s48-c-k-c0xffffffff-no-rj-mo","http://www.youtube.com/channel/UCHF0YWl7FPL2HEe1jGWUGrA","UCHF0YWl7FPL2HEe1jGWUGrA","TRUE","none","0","2020-01-07T16:39:37Z","2020-01-07T16:39:37Z","UgzswuGOBIsfT5pyuhh4AaABAg",NA,NA,2020-01-07
"64","LYDWp_0UWgI","Super smart idea with the circle saw! Very cool to watch.","Super smart idea with the circle saw! Very cool to watch.","Rocio Rodriguez","https://yt3.ggpht.com/a/AATXAJwHtLN_DCC8M0ZTSLRS9MRNWApRD1LWg9VygQ=s48-c-k-c0xffffffff-no-rj-mo","http://www.youtube.com/channel/UC5l6-rKD0FYf6IX7EkIh_1Q","UC5l6-rKD0FYf6IX7EkIh_1Q","TRUE","none","0","2020-01-08T15:33:52Z","2020-01-08T15:33:52Z","UgwPMlDfVbgvWfFhcHh4AaABAg",NA,NA,2020-01-08
"65","LYDWp_0UWgI","<a href=""https://youtu.be/wCDqVzoZP4g"">https://youtu.be/wCDqVzoZP4g</a>","https://youtu.be/wCDqVzoZP4g","BIG PULGARCITO","https://yt3.ggpht.com/a/AATXAJyqsq155DEGWxLzIfcLoUaX8W76xPG1mBQeNg=s48-c-k-c0xffffffff-no-rj-mo","http://www.youtube.com/channel/UCDXaDck2nJ5j7Xj7I8lCq6w","UCDXaDck2nJ5j7Xj7I8lCq6w","TRUE","none","1","2020-01-08T13:55:48Z","2020-01-08T13:55:48Z","UgzU_OpeEZbOQKddsJN4AaABAg",NA,NA,2020-01-08
"66","LYDWp_0UWgI","very nice work","very nice work","TheKittenish","https://yt3.ggpht.com/a/AATXAJz1NGtbkSHbjCP1JkcnVDPyuQqN2E_WKQ3YdQ=s48-c-k-c0xffffffff-no-rj-mo","http://www.youtube.com/channel/UCtU7VVTNNAXJhg1yM4IqfkQ","UCtU7VVTNNAXJhg1yM4IqfkQ","TRUE","none","0","2020-01-12T08:11:09Z","2020-01-12T08:11:09Z","UgypB39O_LScuyBrfut4AaABAg",NA,NA,2020-01-12
"67","LYDWp_0UWgI","Reebok School Kothi banana hai speaker","Reebok School Kothi banana hai speaker","Mehebub Alam","https://yt3.ggpht.com/a/AATXAJwtI2ERLkfU1FajRlSoD7nTGoMWlaAlG_7zfQ=s48-c-k-c0xffffffff-no-rj-mo","http://www.youtube.com/channel/UCuo8D7f-BO9rjbYIZSxbLAg","UCuo8D7f-BO9rjbYIZSxbLAg","TRUE","none","0","2020-01-18T02:25:40Z","2020-01-18T02:25:40Z","UgzPYGZwgGzhxyCR3sp4AaABAg",NA,NA,2020-01-18
"68","LYDWp_0UWgI","herzamanki  gibi çok  iyi","herzamanki  gibi çok  iyi","Mehmet Emin Kaya","https://yt3.ggpht.com/a/AATXAJxjy8yCHGayU0X7kKjKyzLL0grvxgCw0CS8pg=s48-c-k-c0xffffffff-no-rj-mo","http://www.youtube.com/channel/UC-AlYuRJJiGFlGzv4WNEp5Q","UC-AlYuRJJiGFlGzv4WNEp5Q","TRUE","none","0","2020-01-29T20:30:08Z","2020-01-29T20:30:08Z","UgxGxcVZrBKaSXP_-Yx4AaABAg",NA,NA,2020-01-29
"69","LYDWp_0UWgI","I need a nap.","I need a nap.","Northshore66","https://yt3.ggpht.com/a/AATXAJxpdIeLanY7Lci3oZI35vjaEBmnYirODhQKmw=s48-c-k-c0xffffffff-no-rj-mo","http://www.youtube.com/channel/UCiOwC2cWVGbyc2Zk_wv2KvA","UCiOwC2cWVGbyc2Zk_wv2KvA","TRUE","none","0","2020-02-18T14:33:56Z","2020-02-18T14:33:56Z","UgxDSOiIqjqkSiqsyPx4AaABAg",NA,NA,2020-02-18
"70","LYDWp_0UWgI","I love speeded up videos like this...good job","I love speeded up videos like this...good job","Earthsgard81","https://yt3.ggpht.com/a/AATXAJzz83dGfeS3GT1UGQ0falYE1OF4Lf8eZSbgkw=s48-c-k-c0xffffffff-no-rj-mo","http://www.youtube.com/channel/UCrcsyrL2tTsgaQ9TlODWuCg","UCrcsyrL2tTsgaQ9TlODWuCg","TRUE","none","0","2020-02-21T20:42:12Z","2020-02-21T20:42:12Z","Ugwl1n-2A72MxOtPp1V4AaABAg",NA,NA,2020-02-21
"71","lswfhea17WY","Well here is better music box: <a href=""https://youtu.be/CJFlZKQvNZk"">https://youtu.be/CJFlZKQvNZk</a>","Well here is better music box: https://youtu.be/CJFlZKQvNZk","Zvon Backing Tracks","https://yt3.ggpht.com/a/AATXAJz9FondB9bS9L9R5k80UhN7KsTVEvClCe5L7w=s48-c-k-c0xffffffff-no-rj-mo","http://www.youtube.com/channel/UCP98zX83mI83E_C556emW4w","UCP98zX83mI83E_C556emW4w","TRUE","none","0","2020-03-24T06:28:55Z","2020-03-24T06:28:55Z","UgxLE3GW0hMRhYGqmJp4AaABAg",NA,NA,2020-03-24
"72","lswfhea17WY","It&#39;s a very cheap one chect Alibaba it costs like $1","It's a very cheap one chect Alibaba it costs like $1","Badhon Ebrahim","https://yt3.ggpht.com/a/AATXAJzh21DxPhSziUW8xV4cwNPx_1AdTBJlDNgm9g=s48-c-k-c0xffffffff-no-rj-mo","http://www.youtube.com/channel/UCYueGRi_lrbCb2Mefh3jN-A","UCYueGRi_lrbCb2Mefh3jN-A","TRUE","none","0","2020-04-24T01:40:28Z","2020-04-24T01:40:28Z","UgzmuXzBHy0pmUxM2714AaABAg.8GbqxULJCTF97oc581NMa_","UgzmuXzBHy0pmUxM2714AaABAg",NA,2020-04-24
"73","lswfhea17WY","If I pay you, can you make me one?","If I pay you, can you make me one?","Jacquelyn Parras","https://yt3.ggpht.com/a/AATXAJwlEdK0PYLBkDznD8H4mu6_cs7F0DBO9vWwHg=s48-c-k-c0xffffffff-no-rj-mo","http://www.youtube.com/channel/UC9Uc_YkTDhNqOY7CzqlU3xg","UC9Uc_YkTDhNqOY7CzqlU3xg","TRUE","none","0","2020-04-25T08:42:38Z","2020-04-25T08:42:38Z","Ugzp9aKmRKzxd8ZS_454AaABAg",NA,NA,2020-04-25
"74","lswfhea17WY","Izvnvgi same","Izvnvgi same","Janet Zavala","https://yt3.ggpht.com/a/AATXAJzBA7URAID4R5pDU8eBVoRThbEBFOFh7xtLJA=s48-c-k-c0xffffffff-no-rj-mo","http://www.youtube.com/channel/UC9LaZcocOzd2ELLnZbPuxcQ","UC9LaZcocOzd2ELLnZbPuxcQ","TRUE","none","0","2020-04-28T19:44:59Z","2020-04-28T19:44:59Z","UgzmyrTxeLAQ39fdZ7l4AaABAg.8Gbsk4DO3cY98-rNv6Px54","UgzmyrTxeLAQ39fdZ7l4AaABAg",NA,2020-04-28
"75","lswfhea17WY","Aayushguqta203","Aayushguqta203","Ramesh Gupta","https://yt3.ggpht.com/a/AATXAJy975Natux_d-hZYV1kuHQRhWyTHlEyf2F3VQ=s48-c-k-c0xffffffff-no-rj-mo","http://www.youtube.com/channel/UC3O2F0Vsee6ba74DeeJq7Zg","UC3O2F0Vsee6ba74DeeJq7Zg","TRUE","none","0","2020-06-04T19:16:50Z","2020-06-04T19:16:50Z","UgyFjb6tov_QySx8nFF4AaABAg",NA,NA,2020-06-04
"76","lswfhea17WY","Aayush    guqta","Aayush    guqta","Ramesh Gupta","https://yt3.ggpht.com/a/AATXAJy975Natux_d-hZYV1kuHQRhWyTHlEyf2F3VQ=s48-c-k-c0xffffffff-no-rj-mo","http://www.youtube.com/channel/UC3O2F0Vsee6ba74DeeJq7Zg","UC3O2F0Vsee6ba74DeeJq7Zg","TRUE","none","0","2020-06-04T19:15:51Z","2020-06-04T19:15:51Z","UgziENsXqbhleM0ik1h4AaABAg",NA,NA,2020-06-04
"77","hfY-SlC2XHc","Got to have one.","Got to have one.","Great Gatsby","https://yt3.ggpht.com/a/AATXAJwqdykRr4eZ44hV5axviGYKJfLbu6F7dLbLsA=s48-c-k-c0xffffffff-no-rj-mo","http://www.youtube.com/channel/UCMS6VTYonb6mH-dN6azOXFg","UCMS6VTYonb6mH-dN6azOXFg","TRUE","none","0","2020-01-09T03:22:23Z","2020-01-09T03:22:23Z","UgzKpG0HxAYLJC28B2p4AaABAg",NA,NA,2020-01-09
"78","hfY-SlC2XHc","So I was googling of how to make a spacecraft with cardboard for my kid and ended up here...","So I was googling of how to make a spacecraft with cardboard for my kid and ended up here...","Eric Yang","https://yt3.ggpht.com/a/AATXAJyBwleExNV7oML7WzVlkXt7KLAQqmBVVzxVig=s48-c-k-c0xffffffff-no-rj-mo","http://www.youtube.com/channel/UCJD1802TZUosCMsBXJg8Gxg","UCJD1802TZUosCMsBXJg8Gxg","TRUE","none","0","2020-01-14T13:05:59Z","2020-01-14T13:05:59Z","UgysxjdlJMpBScB913p4AaABAg",NA,NA,2020-01-14
"79","hfY-SlC2XHc","Forget the kids I’m going to be 16 tomorrow and I need one","Forget the kids I’m going to be 16 tomorrow and I need one","Classic KZ Gamer zar","https://yt3.ggpht.com/a/AATXAJxoTjbmYR6M7QbHC33C5coayQrflXsrkZcvwA=s48-c-k-c0xffffffff-no-rj-mo","http://www.youtube.com/channel/UCltYfQGS_9xynnF_K6Vny1w","UCltYfQGS_9xynnF_K6Vny1w","TRUE","none","0","2020-01-24T22:01:00Z","2020-01-24T22:01:00Z","Ugw-lxB6Nyn9PRkAmax4AaABAg",NA,NA,2020-01-24
"80","hfY-SlC2XHc","I&#39;m starting to worry that you might build a nuclear bomb next.","I'm starting to worry that you might build a nuclear bomb next.","Orchard Cottage Farm","https://yt3.ggpht.com/a/AATXAJwdTvdXqqYEGnijnUVZaS2EFdk9x_McpL2krg=s48-c-k-c0xffffffff-no-rj-mo","http://www.youtube.com/channel/UCjzVpzZSu6wehf3XjJkYMpQ","UCjzVpzZSu6wehf3XjJkYMpQ","TRUE","none","0","2020-01-24T13:38:29Z","2020-01-24T13:38:29Z","UgxzNgzPTvkLcHuz0X14AaABAg",NA,NA,2020-01-24
"81","hfY-SlC2XHc","Cool","Cool","77 years ago","https://yt3.ggpht.com/a/AATXAJxeI48-TJQm4C6sB8mr_cx-cC6NfovrErkTgw=s48-c-k-c0xffffffff-no-rj-mo","http://www.youtube.com/channel/UCxw1-HgFatzJNv1fCSAPZGA","UCxw1-HgFatzJNv1fCSAPZGA","TRUE","none","0","2020-02-03T06:44:35Z","2020-02-03T06:44:35Z","Ugx8mVtMn1SJmdFn3Ep4AaABAg",NA,NA,2020-02-03
"82","hfY-SlC2XHc","Ill make this, but make it a bit more realistic.","Ill make this, but make it a bit more realistic.","i love bricks","https://yt3.ggpht.com/a/AATXAJxrEs-C6gRmKnUl27B3O-n2r2g7fLz6crGmpQ=s48-c-k-c0xffffffff-no-rj-mo","http://www.youtube.com/channel/UC5SmBBXzsImLzfSHBqTsCCw","UC5SmBBXzsImLzfSHBqTsCCw","TRUE","none","0","2020-02-09T04:49:19Z","2020-02-09T04:49:19Z","Ugxx0wQKn7WIqXV9itN4AaABAg",NA,NA,2020-02-09
"83","hfY-SlC2XHc","Coolest Dad eeeevvvvveeeeerrrrrrrrrrrrrr!!!!!!!!","Coolest Dad eeeevvvvveeeeerrrrrrrrrrrrrr!!!!!!!!","Ryan Hogan","https://yt3.ggpht.com/a/AATXAJzTUk2LjLBorrCPrs7FUOPXAe1jF5uWAClGxQ=s48-c-k-c0xffffffff-no-rj-mo","http://www.youtube.com/channel/UCOtSW5FwsLz5FVEyYp4rmZg","UCOtSW5FwsLz5FVEyYp4rmZg","TRUE","none","0","2020-03-07T03:17:24Z","2020-03-07T03:17:24Z","UgxFZNqVjtZ6PpUbwFJ4AaABAg",NA,NA,2020-03-07
"84","hfY-SlC2XHc","Just a thought for the future, try incorporating the program Kerbal space program.  That would be a blast to actually do a space mission.","Just a thought for the future, try incorporating the program Kerbal space program.  That would be a blast to actually do a space mission.","David Stafford","https://yt3.ggpht.com/a/AATXAJwLhn-cngXZLdCGQxZKFs1W9QUaWHPBlgyc0A=s48-c-k-c0xffffffff-no-rj-mo","http://www.youtube.com/channel/UC254ZxBMixKrbltyo8-FYgw","UC254ZxBMixKrbltyo8-FYgw","TRUE","none","0","2020-03-14T01:19:23Z","2020-03-14T01:19:23Z","UgyDu8BNmwmPTMPl9PV4AaABAg",NA,NA,2020-03-14
"85","hfY-SlC2XHc","Why i dont have a dad like this?<br /><br /><br /><br /><b>why i dont have a dad?</b>","Why i dont have a dad like this?



*why i dont have a dad?*","DlMlTRl PALOVSKY","https://yt3.ggpht.com/a/AATXAJxVO248IpW6tx2EJgG1yeFiutgHMTBC7x35Mg=s48-c-k-c0xffffffff-no-rj-mo","http://www.youtube.com/channel/UCA89cPb2uIU33R_whci_WrA","UCA89cPb2uIU33R_whci_WrA","TRUE","none","0","2020-03-15T22:10:33Z","2020-03-15T22:10:33Z","UgxxQxlXOCsVaeU_wPB4AaABAg",NA,NA,2020-03-15
"86","hfY-SlC2XHc","blacky75 BOOMER","blacky75 BOOMER","K1NGofG0DS Terrones","https://yt3.ggpht.com/a/AATXAJxx7c9YKl2xHdD974FxCKMVFpyH0yA26acqmA=s48-c-k-c0xffffffff-no-rj-mo","http://www.youtube.com/channel/UCrY2LdCl7sDJz6yVwjo-VGg","UCrY2LdCl7sDJz6yVwjo-VGg","TRUE","none","0","2020-04-12T01:09:03Z","2020-04-12T01:09:03Z","UgiJsAqmZwHzDHgCoAEC.7-H0Z7-Kwvr97KexWRoM7d","UgiJsAqmZwHzDHgCoAEC",NA,2020-04-12
"87","hfY-SlC2XHc","I showed my kid a star once. Didn’t know the name of it, But there it was.","I showed my kid a star once. Didn’t know the name of it, But there it was.","Oscar C","https://yt3.ggpht.com/a/AATXAJxzJyITygyoSg8UVSCmobSW6rB77Z7vfLCy8w=s48-c-k-c0xffffffff-no-rj-mo","http://www.youtube.com/channel/UCVvtmnxG5-KAKR2uvLk3s5g","UCVvtmnxG5-KAKR2uvLk3s5g","TRUE","none","0","2020-04-13T20:37:34Z","2020-04-13T20:37:34Z","UgwUKzUUpNDUB27Gacp4AaABAg",NA,NA,2020-04-13
"88","hfY-SlC2XHc","It would be cool to build something like this and install a space flight sim in it.","It would be cool to build something like this and install a space flight sim in it.","John Smith","https://yt3.ggpht.com/a/AATXAJwjnTut1dJGZBuV09-i1FYY_nj8EvoB_yRVUA=s48-c-k-c0xffffffff-no-rj-mo","http://www.youtube.com/channel/UCqRegr2nd6w0mC2Tm8l5cRw","UCqRegr2nd6w0mC2Tm8l5cRw","TRUE","none","0","2020-04-15T11:04:03Z","2020-04-15T11:04:03Z","UgzfxyWlZ9savCireat4AaABAg",NA,NA,2020-04-15
"89","hfY-SlC2XHc","Some great info in here, not just make kids stuff, bit how to build really professional looking control panels. I will be stealing some of these techniques for my brew room","Some great info in here, not just make kids stuff, bit how to build really professional looking control panels. I will be stealing some of these techniques for my brew room","Tony Bickley","https://yt3.ggpht.com/a/AATXAJxbaXEpQ1Hx2N20Bvr-BlSbjz4WKQw-D-1vXg=s48-c-k-c0xffffffff-no-rj-mo","http://www.youtube.com/channel/UCO3RrFUfaGD_8XIAAUqcGuw","UCO3RrFUfaGD_8XIAAUqcGuw","TRUE","none","0","2020-04-19T22:53:13Z","2020-04-19T22:53:13Z","UgzOkJl1OHFqOtYOTt14AaABAg",NA,NA,2020-04-19
"90","hfY-SlC2XHc","Hopefully with some kerbal program.","Hopefully with some kerbal program.","Chris Rodeyns","https://yt3.ggpht.com/a/AATXAJymhVOYowNZxFBE16lxOTRiag4bFCHBRQ50yg=s48-c-k-c0xffffffff-no-rj-mo","http://www.youtube.com/channel/UCczN-tYh5ALr8rKCCZUVeNg","UCczN-tYh5ALr8rKCCZUVeNg","TRUE","none","0","2020-04-20T20:47:55Z","2020-04-20T20:47:55Z","UgxKCfpYRb_BAeWki694AaABAg",NA,NA,2020-04-20
"91","hfY-SlC2XHc","im 12 but want this to play KSP","im 12 but want this to play KSP","Leon Saar","https://yt3.ggpht.com/a/AATXAJztvyMwuMuHy1Cph8aoUIkc6WVcrxJ8V1K2Eg=s48-c-k-c0xffffffff-no-rj-mo","http://www.youtube.com/channel/UCQ31z9Z3pU-cFBYMhwpEzag","UCQ31z9Z3pU-cFBYMhwpEzag","TRUE","none","0","2020-04-20T11:04:07Z","2020-04-20T11:04:07Z","UgzHlsdFeWgssF-h8JZ4AaABAg",NA,NA,2020-04-20
"92","hfY-SlC2XHc","Dead line, anyone know where the how to is for this build?","Dead line, anyone know where the how to is for this build?","Oz DeaDMeaT","https://yt3.ggpht.com/a/AATXAJzK1X8uV6FbIp1K3xZrlixs-0B7nSRNYRuBAw=s48-c-k-c0xffffffff-no-rj-mo","http://www.youtube.com/channel/UCzkhwS2Ue-d_6ZPHf29LF3Q","UCzkhwS2Ue-d_6ZPHf29LF3Q","TRUE","none","0","2020-04-22T04:09:19Z","2020-04-22T04:09:19Z","Ugwwj1YwhpRD4efIhyR4AaABAg",NA,NA,2020-04-22
"93","hfY-SlC2XHc","Adopt all us please","Adopt all us please","HyperXWolf","https://yt3.ggpht.com/a/AATXAJyBQ-Gbr2KJ4x-xbXYdQnNRmyGAHTajQP8wOA=s48-c-k-c0xffffffff-no-rj-mo","http://www.youtube.com/channel/UChRx2LmrYHgZO8bNe57Mgqg","UChRx2LmrYHgZO8bNe57Mgqg","TRUE","none","0","2020-04-29T00:34:25Z","2020-04-29T00:34:25Z","Uggjar3KvBbGXXgCoAEC.7-H0Z7-52aK980NVmlwcGI","Uggjar3KvBbGXXgCoAEC",NA,2020-04-29
"94","hfY-SlC2XHc","Young me would be in there for days","Young me would be in there for days","Viewer","https://yt3.ggpht.com/a/AATXAJzkqxyTCRZcX2bUI0CLjzfyuYwdxcRueOBXrg=s48-c-k-c0xffffffff-no-rj-mo","http://www.youtube.com/channel/UCZTtMIXb9p8Qmk7JDv_UkPg","UCZTtMIXb9p8Qmk7JDv_UkPg","TRUE","none","1","2020-05-03T01:16:28Z","2020-05-03T01:16:28Z","UgynkJmw0Wo1ojv3CaN4AaABAg",NA,NA,2020-05-03
"95","hfY-SlC2XHc","My humour back then...... <U+0001F926><U+200D><U+2642><U+FE0F>","My humour back then...... <U+0001F926><U+200D><U+2642><U+FE0F>","Edcola","https://yt3.ggpht.com/a/AATXAJxsMqgNCbbXZvz2h5lL0EqJhIR132FZXtGKDQ=s48-c-k-c0xffffffff-no-rj-mo","http://www.youtube.com/channel/UCQVP8LNMctsl33im9W9hWTA","UCQVP8LNMctsl33im9W9hWTA","TRUE","none","0","2020-05-03T17:08:22Z","2020-05-03T17:08:22Z","UgwaJH6ciWMF11QIXOx4AaABAg.8ukxng7ld4k98CSRBuhaaA","UgwaJH6ciWMF11QIXOx4AaABAg",NA,2020-05-03
"96","hfY-SlC2XHc","Can you give links to the switches, lights, etc?","Can you give links to the switches, lights, etc?","Pugz_ Xgaming","https://yt3.ggpht.com/a/AATXAJwbARu18njtBerVcy8H8xnOnXIxrhXw_jho7g=s48-c-k-c0xffffffff-no-rj-mo","http://www.youtube.com/channel/UCXhZyVnLJvSNdSFKglnfT5A","UCXhZyVnLJvSNdSFKglnfT5A","TRUE","none","1","2020-05-10T20:21:12Z","2020-05-10T20:21:12Z","UgwgqWs_06K8HbpW55p4AaABAg",NA,NA,2020-05-10
"97","hfY-SlC2XHc","Bro same I am trying to build my own. First I am building a mission control panel, lemme tell ya, not going well.","Bro same I am trying to build my own. First I am building a mission control panel, lemme tell ya, not going well.","Pugz_ Xgaming","https://yt3.ggpht.com/a/AATXAJwbARu18njtBerVcy8H8xnOnXIxrhXw_jho7g=s48-c-k-c0xffffffff-no-rj-mo","http://www.youtube.com/channel/UCXhZyVnLJvSNdSFKglnfT5A","UCXhZyVnLJvSNdSFKglnfT5A","TRUE","none","0","2020-05-11T21:17:55Z","2020-05-11T21:17:55Z","UggtWUTO4Ijh7ngCoAEC.8JObuf91tcC98XVLzr_qv4","UggtWUTO4Ijh7ngCoAEC",NA,2020-05-11
"98","hfY-SlC2XHc","I’ll sell my house to get this thing ;-;","I’ll sell my house to get this thing ;-;","Sean Bird","https://yt3.ggpht.com/a/AATXAJwIf7WQo_RjI4emlr6lz8WaJIm6NMUpYj5seQ=s48-c-k-c0xffffffff-no-rj-mo","http://www.youtube.com/channel/UCd2SIBEGJirFxFB1zWcdWAQ","UCd2SIBEGJirFxFB1zWcdWAQ","TRUE","none","0","2020-05-26T23:33:05Z","2020-05-26T23:33:05Z","UgxxQdkZgxGKt_biLJZ4AaABAg",NA,NA,2020-05-26
"99","hfY-SlC2XHc","I’m 13 and I’m in to this toy","I’m 13 and I’m in to this toy","Drew Terista","https://yt3.ggpht.com/a/AATXAJyS76-PQrOi250DqPPr-dDu5WP3JY7MXMXPFg=s48-c-k-c0xffffffff-no-rj-mo","http://www.youtube.com/channel/UCv1Bco9V893Dm-VE8LSt4aQ","UCv1Bco9V893Dm-VE8LSt4aQ","TRUE","none","0","2020-06-05T22:47:50Z","2020-06-05T22:47:50Z","Ugzmh_tm0WL62fFyJbV4AaABAg",NA,NA,2020-06-05
"100","hfY-SlC2XHc","This is dope <U+0001F525><U+0001F525>","This is dope <U+0001F525><U+0001F525>","Green Eyez","https://yt3.ggpht.com/a/AATXAJz4SlfMmgrlCfh_mrXRFldC3QCB7WA1L1Ej3w=s48-c-k-c0xffffffff-no-rj-mo","http://www.youtube.com/channel/UCmId3Mr79Yr5ORncvQ7LifA","UCmId3Mr79Yr5ORncvQ7LifA","TRUE","none","0","2020-06-05T02:15:22Z","2020-06-05T02:15:35Z","UgzRt7YciFjizheW0ch4AaABAg",NA,NA,2020-06-05
